{
  "forward": {
    "nu": 0.01,
    "rel_l2_mean": {
      "u": 0.007359901016267638,
      "v": 0.009038639022037387,
      "p": 0.03582846621672312
    },
    "rel_l2_per_time": {
      "t=0": {
        "u": 0.0012392547214403749,
        "v": 0.0012772551272064447,
        "p": 0.03628315031528473
      },
      "t=1": {
        "u": 0.007627210579812527,
        "v": 0.00749792717397213,
        "p": 0.034283410757780075
      },
      "t=2": {
        "u": 0.01321323774755001,
        "v": 0.018340734764933586,
        "p": 0.03691883757710457
      }
    },
    "config": {
      "n_layers": 6,
      "n_units": 64,
      "n_collocation": 15000,
      "adam_iters": 2000,
      "lbfgs_iters": 1000,
      "seed": 1234
    }
  },
  "inverse": {
    "nu_true": 0.01,
    "nu_init": 0.05,
    "nu_recovered": 0.010385822504758835,
    "nu_rel_error": 0.03858225047588346,
    "n_measurements": 4000,
    "noise": 0.03,
    "rel_l2_mean": {
      "u": 0.004211306261519591,
      "v": 0.004227727729206284,
      "p": 0.01605398425211509
    },
    "rel_l2_per_time": {
      "t=0": {
        "u": 0.004766321741044521,
        "v": 0.0047800419852137566,
        "p": 0.019368452951312065
      },
      "t=1": {
        "u": 0.0034220051020383835,
        "v": 0.0030863306019455194,
        "p": 0.007885715924203396
      },
      "t=2": {
        "u": 0.004445591941475868,
        "v": 0.004816810600459576,
        "p": 0.02090778388082981
      }
    },
    "config": {
      "n_layers": 6,
      "n_units": 64,
      "n_collocation": 15000,
      "adam_iters": 3000,
      "lbfgs_iters": 2000,
      "seed": 1234
    }
  }
}